feature,importance
depth_pct,0.27141529471042564
dur_frac,0.26125730347921966
period_days,0.2545397837120966
duration_hr,0.21278761809825808
snr,0.0
