{
  "model": "toi",
  "features_used": [
    "period_days",
    "duration_hr",
    "depth_pct",
    "snr",
    "dur_frac"
  ],
  "threshold": 0.5,
  "auc": 0.709350238092984,
  "classification_report": {
    "0": {
      "precision": 0.5546218487394958,
      "recall": 0.22602739726027396,
      "f1-score": 0.32116788321167883,
      "support": 292.0
    },
    "1": {
      "precision": 0.8604938271604938,
      "recall": 0.9633724948168625,
      "f1-score": 0.9090316269970655,
      "support": 1447.0
    },
    "accuracy": 0.8395629672225416,
    "macro avg": {
      "precision": 0.7075578379499948,
      "recall": 0.5946999460385682,
      "f1-score": 0.6150997551043722,
      "support": 1739.0
    },
    "weighted avg": {
      "precision": 0.8091340700018214,
      "recall": 0.8395629672225416,
      "f1-score": 0.8103219011860632,
      "support": 1739.0
    }
  },
  "confusion_matrix": [
    [
      66,
      226
    ],
    [
      53,
      1394
    ]
  ],
  "n_train": 5217,
  "n_test": 1739
}